Subject,Start Date,All Day Event,Description
"長跑 21km ([E] 5:12~5:46/km) 途中穿插 1km 計時 ([I] 3:38~3:45/km)",2026-03-01,True,"4月:基礎期1 (坡道與有氧) | 目標: 3:0"
"有氧慢跑 10~14km ([E] 5:12~5:46/km)",2026-03-02,True,"4月:基礎期1 (坡道與有氧) | 目標: 3:0"
"有氧慢跑 10~14km ([E] 5:12~5:46/km)",2026-03-03,True,"4月:基礎期1 (坡道與有氧) | 目標: 3:0"
"坡道全速衝刺 (80~120m) x 10組 (每趟完全恢復 2-3分)",2026-03-04,True,"4月:基礎期1 (坡道與有氧) | 目標: 3:0"
"有氧慢跑 10~14km ([E] 5:12~5:46/km)",2026-03-05,True,"4月:基礎期1 (坡道與有氧) | 目標: 3:0"
"有氧慢跑 10~14km ([E] 5:12~5:46/km)",2026-03-06,True,"4月:基礎期1 (坡道與有氧) | 目標: 3:0"
"坡道衝刺 x 10組 (完全恢復) + 有氧5km",2026-03-07,True,"4月:基礎期1 (坡道與有氧) | 目標: 3:0"
"長跑 21km ([E] 5:12~5:46/km) 穿插 1km 計時",2026-03-08,True,"4月:基礎期1 (坡道與有氧) | 目標: 3:0"
"有氧慢跑 10~14km ([E] 5:12~5:46/km)",2026-03-08,True,"4月:基礎期1 (坡道與有氧) | 目標: 3:0"
"有氧慢跑 10~14km ([E] 5:12~5:46/km)",2026-03-09,True,"4月:基礎期1 (坡道與有氧) | 目標: 3:0"
"坡道全速衝刺 x 10組 (完全恢復)",2026-03-10,True,"4月:基礎期1 (坡道與有氧) | 目標: 3:0"
"有氧慢跑 10~14km ([E] 5:12~5:46/km)",2026-03-11,True,"4月:基礎期1 (坡道與有氧) | 目標: 3:0"
"有氧慢跑 10~14km ([E] 5:12~5:46/km)",2026-03-12,True,"4月:基礎期1 (坡道與有氧) | 目標: 3:0"
"法特萊克跑 (1分快 [T 3:58~4:03] / 1分慢 [E 5:12~5:46]) x 20組",2026-03-13,True,"4月:基礎期1 (坡道與有氧) | 目標: 3:0"
"長跑 21km ([E] 5:12~5:46/km) 穿插 1km 計時",2026-03-14,True,"4月:基礎期1 (坡道與有氧) | 目標: 3:0"
"有氧慢跑 10~14km ([E] 5:12~5:46/km)",2026-03-15,True,"4月:基礎期1 (坡道與有氧) | 目標: 3:0"
"有氧慢跑 10~14km ([E] 5:12~5:46/km)",2026-03-16,True,"4月:基礎期1 (坡道與有氧) | 目標: 3:0"
"坡道全速衝刺 x 10組 (完全恢復)",2026-03-17,True,"4月:基礎期1 (坡道與有氧) | 目標: 3:0"
"有氧慢跑 10~14km ([E] 5:12~5:46/km)",2026-03-18,True,"4月:基礎期1 (坡道與有氧) | 目標: 3:0"
"有氧慢跑 10~14km ([E] 5:12~5:46/km)",2026-03-19,True,"4月:基礎期1 (坡道與有氧) | 目標: 3:0"
"坡道衝刺 x 10組 + 有氧5km",2026-03-20,True,"4月:基礎期1 (坡道與有氧) | 目標: 3:0"
"長跑 21km ([E] 5:12~5:46/km) 穿插 1km 計時",2026-03-21,True,"4月:基礎期1 (坡道與有氧) | 目標: 3:0"
"有氧慢跑 10~14km ([E] 5:12~5:46/km)",2026-03-22,True,"4月:基礎期1 (坡道與有氧) | 目標: 3:0"
"有氧慢跑 10~14km ([E] 5:12~5:46/km)",2026-03-23,True,"4月:基礎期1 (坡道與有氧) | 目標: 3:0"
"坡道全速衝刺 x 10組 (完全恢復)",2026-03-24,True,"4月:基礎期1 (坡道與有氧) | 目標: 3:0"
"有氧慢跑 10~14km ([E] 5:12~5:46/km)",2026-03-25,True,"4月:基礎期1 (坡道與有氧) | 目標: 3:0"
"有氧慢跑 10~14km ([E] 5:12~5:46/km)",2026-03-26,True,"4月:基礎期1 (坡道與有氧) | 目標: 3:0"
"法特萊克跑 (1分快 [T] / 1分慢 [E]) x 20組",2026-03-27,True,"4月:基礎期1 (坡道與有氧) | 目標: 3:0"
"長跑 120分 ([E] 5:12~5:46/km) 穿插 1km 計時",2026-03-28,True,"5月:基礎期2 (速度開發) | 目標: 3:0"
"有氧慢跑 10~14km ([E] 5:12~5:46/km)",2026-03-29,True,"5月:基礎期2 (速度開發) | 目標: 3:0"
"有氧慢跑 10~14km ([E] 5:12~5:46/km)",2026-03-30,True,"5月:基礎期2 (速度開發) | 目標: 3:0"
"400m間歇 x 10組 ([R] 3:20~3:27/km) (每趟休 3分，完全恢復)",2026-03-31,True,"5月:基礎期2 (速度開發) | 目標: 3:0"
"有氧慢跑 10~14km ([E] 5:12~5:46/km)",2026-04-01,True,"5月:基礎期2 (速度開發) | 目標: 3:0"
"有氧慢跑 10~14km ([E] 5:12~5:46/km)",2026-04-02,True,"5月:基礎期2 (速度開發) | 目標: 3:0"
"200m間歇 x 15組 ([R] 3:20~3:27/km) (每趟休 2分，維持姿勢)",2026-04-03,True,"5月:基礎期2 (速度開發) | 目標: 3:0"
"長跑 120分 ([E] 5:12~5:46/km) 穿插 1km 計時",2026-04-04,True,"5月:基礎期2 (速度開發) | 目標: 3:0"
"有氧慢跑 10~14km ([E] 5:12~5:46/km)",2026-04-05,True,"5月:基礎期2 (速度開發) | 目標: 3:0"
"有氧慢跑 10~14km ([E] 5:12~5:46/km)",2026-04-06,True,"5月:基礎期2 (速度開發) | 目標: 3:0"
"400m間歇 x 10組 (休 3分)",2026-04-07,True,"5月:基礎期2 (速度開發) | 目標: 3:0"
"有氧慢跑 10~14km ([E] 5:12~5:46/km)",2026-04-08,True,"5月:基礎期2 (速度開發) | 目標: 3:0"
"有氧慢跑 10~14km ([E] 5:12~5:46/km)",2026-04-09,True,"5月:基礎期2 (速度開發) | 目標: 3:0"
"200m間歇 x 15組 (休 2分)",2026-04-10,True,"5月:基礎期2 (速度開發) | 目標: 3:0"
"長跑 120分 ([E] 5:12~5:46/km) 穿插 1km 計時",2026-04-11,True,"5月:基礎期2 (速度開發) | 目標: 3:0"
"有氧慢跑 10~14km ([E] 5:12~5:46/km)",2026-04-12,True,"5月:基礎期2 (速度開發) | 目標: 3:0"
"有氧慢跑 10~14km ([E] 5:12~5:46/km)",2026-04-13,True,"5月:基礎期2 (速度開發) | 目標: 3:0"
"400m間歇 x 10組 (休 3分)",2026-04-14,True,"5月:基礎期2 (速度開發) | 目標: 3:0"
"有氧慢跑 10~14km ([E] 5:12~5:46/km)",2026-04-15,True,"5月:基礎期2 (速度開發) | 目標: 3:0"
"有氧慢跑 10~14km ([E] 5:12~5:46/km)",2026-04-16,True,"5月:基礎期2 (速度開發) | 目標: 3:0"
"200m間歇 x 15組 (休 2分)",2026-04-17,True,"5月:基礎期2 (速度開發) | 目標: 3:0"
"長跑 120分 ([E] 5:12~5:46/km) 穿插 1km 計時",2026-04-18,True,"5月:基礎期2 (速度開發) | 目標: 3:0"
"有氧慢跑 10~14km ([E] 5:12~5:46/km)",2026-04-19,True,"5月:基礎期2 (速度開發) | 目標: 3:0"
"有氧慢跑 10~14km ([E] 5:12~5:46/km)",2026-04-20,True,"5月:基礎期2 (速度開發) | 目標: 3:0"
"400m間歇 x 10組 (休 3分)",2026-04-21,True,"5月:基礎期2 (速度開發) | 目標: 3:0"
"有氧慢跑 10~14km ([E] 5:12~5:46/km)",2026-04-22,True,"5月:基礎期2 (速度開發) | 目標: 3:0"
"有氧慢跑 10~14km ([E] 5:12~5:46/km)",2026-04-23,True,"5月:基礎期2 (速度開發) | 目標: 3:0"
"200m間歇 x 15組 (休 2分)",2026-04-24,True,"5月:基礎期2 (速度開發) | 目標: 3:0"
"長跑 120分 ([E] 5:12~5:46/km) 穿插 1km 計時",2026-04-25,True,"5月:基礎期2 (速度開發) | 目標: 3:0"
"有氧慢跑 10~14km ([E] 5:12~5:46/km)",2026-04-26,True,"5月:基礎期2 (速度開發) | 目標: 3:0"
"有氧慢跑 10~14km ([E] 5:12~5:46/km)",2026-04-27,True,"5月:基礎期2 (速度開發) | 目標: 3:0"
"400m間歇 x 10組 ([R] 3:20~3:27/km) (每趟休 3分，完全恢復)",2026-04-28,True,"5月:基礎期2 (速度開發) | 目標: 3:0"
"有氧慢跑 10~14km ([E] 5:12~5:46/km)",2026-04-29,True,"5月:基礎期2 (速度開發) | 目標: 3:0"
"有氧慢跑 10~14km ([E] 5:12~5:46/km)",2026-04-30,True,"5月:基礎期2 (速度開發) | 目標: 3:0"
"200m間歇 x 15組 ([R] 3:20~3:27/km) (每趟休 2分，維持姿勢)",2026-05-01,True,"5月:基礎期2 (速度開發) | 目標: 3:0"
"長跑 120分 ([E] 5:12~5:46/km) 穿插 1km 計時",2026-05-02,True,"5月:基礎期2 (速度開發) | 目標: 3:0"
"有氧慢跑 10~14km ([E] 5:12~5:46/km)",2026-05-03,True,"5月:基礎期2 (速度開發) | 目標: 3:0"
"有氧慢跑 10~14km ([E] 5:12~5:46/km)",2026-05-04,True,"5月:基礎期2 (速度開發) | 目標: 3:0"
"400m間歇 x 10組 (休 3分)",2026-05-05,True,"5月:基礎期2 (速度開發) | 目標: 3:0"
"有氧慢跑 10~14km ([E] 5:12~5:46/km)",2026-05-06,True,"5月:基礎期2 (速度開發) | 目標: 3:0"
"有氧慢跑 10~14km ([E] 5:12~5:46/km)",2026-05-07,True,"5月:基礎期2 (速度開發) | 目標: 3:0"
"200m間歇 x 15組 (休 2分)",2026-05-08,True,"5月:基礎期2 (速度開發) | 目標: 3:0"
"長跑 120分 ([E] 5:12~5:46/km) 穿插 1km 計時",2026-05-09,True,"5月:基礎期2 (速度開發) | 目標: 3:0"
"有氧慢跑 10~14km ([E] 5:12~5:46/km)",2026-05-10,True,"5月:基礎期2 (速度開發) | 目標: 3:0"
"有氧慢跑 10~14km ([E] 5:12~5:46/km)",2026-05-11,True,"5月:基礎期2 (速度開發) | 目標: 3:0"
"400m間歇 x 10組 (休 3分)",2026-05-12,True,"5月:基礎期2 (速度開發) | 目標: 3:0"
"有氧慢跑 10~14km ([E] 5:12~5:46/km)",2026-05-13,True,"5月:基礎期2 (速度開發) | 目標: 3:0"
"有氧慢跑 10~14km ([E] 5:12~5:46/km)",2026-05-14,True,"5月:基礎期2 (速度開發) | 目標: 3:0"
"200m間歇 x 15組 (休 2分)",2026-05-15,True,"5月:基礎期2 (速度開發) | 目標: 3:0"
"長跑 120分 ([E] 5:12~5:46/km) 穿插 1km 計時",2026-05-16,True,"5月:基礎期2 (速度開發) | 目標: 3:0"
"有氧慢跑 10~14km ([E] 5:12~5:46/km)",2026-05-17,True,"5月:基礎期2 (速度開發) | 目標: 3:0"
"有氧慢跑 10~14km ([E] 5:12~5:46/km)",2026-05-18,True,"5月:基礎期2 (速度開發) | 目標: 3:0"
"400m間歇 x 10組 (休 3分)",2026-05-19,True,"5月:基礎期2 (速度開發) | 目標: 3:0"
"有氧慢跑 10~14km ([E] 5:12~5:46/km)",2026-05-20,True,"5月:基礎期2 (速度開發) | 目標: 3:0"
"有氧慢跑 10~14km ([E] 5:12~5:46/km)",2026-05-21,True,"5月:基礎期2 (速度開發) | 目標: 3:0"
"200m間歇 x 15組 (休 2分)",2026-05-22,True,"5月:基礎期2 (速度開發) | 目標: 3:0"
"長跑 120分 ([E] 5:12~5:46/km) 穿插 1km 計時",2026-05-23,True,"6月:開發期 (心肺刺激) | 目標: 3:0"
"有氧慢跑 10~14km ([E] 5:12~5:46/km)",2026-05-24,True,"6月:開發期 (心肺刺激) | 目標: 3:0"
"有氧慢跑 10~14km ([E] 5:12~5:46/km)",2026-05-25,True,"6月:開發期 (心肺刺激) | 目標: 3:0"
"800m間歇 x 6組 ([I] 3:38~3:45/km) (每趟休 3分半，慢跑恢復)",2026-05-26,True,"6月:開發期 (心肺刺激) | 目標: 3:0"
"有氧慢跑 10~14km ([E] 5:12~5:46/km)",2026-05-27,True,"6月:開發期 (心肺刺激) | 目標: 3:0"
"有氧慢跑 10~14km ([E] 5:12~5:46/km)",2026-05-28,True,"6月:開發期 (心肺刺激) | 目標: 3:0"
"M配速跑 6-8km ([M] 4:13~4:19/km) (建立穩定感)",2026-05-29,True,"6月:開發期 (心肺刺激) | 目標: 3:0"
"長跑 120分 ([E] 5:12~5:46/km) 穿插 1km 計時",2026-05-30,True,"6月:開發期 (心肺刺激) | 目標: 3:0"
"有氧慢跑 10~14km ([E] 5:12~5:46/km)",2026-05-31,True,"6月:開發期 (心肺刺激) | 目標: 3:0"
"有氧慢跑 10~14km ([E] 5:12~5:46/km)",2026-06-01,True,"6月:開發期 (心肺刺激) | 目標: 3:0"
"600m間歇 x 8組 ([I] 3:38~3:45/km) (每趟休 3分)",2026-06-02,True,"6月:開發期 (心肺刺激) | 目標: 3:0"
"有氧慢跑 10~14km ([E] 5:12~5:46/km)",2026-06-03,True,"6月:開發期 (心肺刺激) | 目標: 3:0"
"有氧慢跑 10~14km ([E] 5:12~5:46/km)",2026-06-04,True,"6月:開發期 (心肺刺激) | 目標: 3:0"
"M配速跑 6-8km ([M] 4:13~4:19/km)",2026-06-05,True,"6月:開發期 (心肺刺激) | 目標: 3:0"
"長跑 120分 ([E] 5:12~5:46/km) 穿插 1km 計時",2026-06-06,True,"6月:開發期 (心肺刺激) | 目標: 3:0"
"有氧慢跑 10~14km ([E] 5:12~5:46/km)",2026-06-07,True,"6月:開發期 (心肺刺激) | 目標: 3:0"
"有氧慢跑 10~14km ([E] 5:12~5:46/km)",2026-06-08,True,"6月:開發期 (心肺刺激) | 目標: 3:0"
"800m間歇 x 6組 (休 3分半)",2026-06-09,True,"6月:開發期 (心肺刺激) | 目標: 3:0"
"有氧慢跑 10~14km ([E] 5:12~5:46/km)",2026-06-10,True,"6月:開發期 (心肺刺激) | 目標: 3:0"
"有氧慢跑 10~14km ([E] 5:12~5:46/km)",2026-06-11,True,"6月:開發期 (心肺刺激) | 目標: 3:0"
"M配速跑 6-8km ([M] 4:13~4:19/km)",2026-06-12,True,"6月:開發期 (心肺刺激) | 目標: 3:0"
"有氧2k + 5km計時賽(目標19:30內) + 有氧3k",2026-06-13,True,"6月:開發期 (心肺刺激) | 目標: 3:0"
"有氧慢跑 10~14km ([E] 5:12~5:46/km)",2026-06-14,True,"6月:開發期 (心肺刺激) | 目標: 3:0"
"有氧慢跑 10~14km ([E] 5:12~5:46/km)",2026-06-15,True,"6月:開發期 (心肺刺激) | 目標: 3:0"
"600m間歇 x 8組 (休 3分)",2026-06-16,True,"6月:開發期 (心肺刺激) | 目標: 3:0"
"有氧慢跑 10~14km ([E] 5:12~5:46/km)",2026-06-17,True,"6月:開發期 (心肺刺激) | 目標: 3:0"
"有氧慢跑 10~14km ([E] 5:12~5:46/km)",2026-06-18,True,"6月:開發期 (心肺刺激) | 目標: 3:0"
"M配速跑 6-8km ([M] 4:13~4:19/km)",2026-06-19,True,"6月:開發期 (心肺刺激) | 目標: 3:0"
"長跑 120分 ([E] 5:12~5:46/km) 穿插 1km 計時",2026-06-20,True,"6月:開發期 (心肺刺激) | 目標: 3:0"
"有氧慢跑 10~14km ([E] 5:12~5:46/km)",2026-06-21,True,"6月:開發期 (心肺刺激) | 目標: 3:0"
"有氧慢跑 10~14km ([E] 5:12~5:46/km)",2026-06-22,True,"6月:開發期 (心肺刺激) | 目標: 3:0"
"800m間歇 x 6組 ([I] 3:38~3:45/km) (每趟休 3分半，慢跑恢復)",2026-06-23,True,"6月:開發期 (心肺刺激) | 目標: 3:0"
"有氧慢跑 10~14km ([E] 5:12~5:46/km)",2026-06-24,True,"6月:開發期 (心肺刺激) | 目標: 3:0"
"有氧慢跑 10~14km ([E] 5:12~5:46/km)",2026-06-25,True,"6月:開發期 (心肺刺激) | 目標: 3:0"
"M配速跑 6-8km ([M] 4:13~4:19/km) (建立穩定感)",2026-06-26,True,"6月:開發期 (心肺刺激) | 目標: 3:0"
"長跑 120分 ([E] 5:12~5:46/km) 穿插 1km 計時",2026-06-27,True,"6月:開發期 (心肺刺激) | 目標: 3:0"
"有氧慢跑 10~14km ([E] 5:12~5:46/km)",2026-06-28,True,"6月:開發期 (心肺刺激) | 目標: 3:0"
"有氧慢跑 10~14km ([E] 5:12~5:46/km)",2026-06-29,True,"6月:開發期 (心肺刺激) | 目標: 3:0"
"600m間歇 x 8組 ([I] 3:38~3:45/km) (每趟休 3分)",2026-06-30,True,"6月:開發期 (心肺刺激) | 目標: 3:0"
"有氧慢跑 10~14km ([E] 5:12~5:46/km)",2026-07-01,True,"6月:開發期 (心肺刺激) | 目標: 3:0"
"有氧慢跑 10~14km ([E] 5:12~5:46/km)",2026-07-02,True,"6月:開發期 (心肺刺激) | 目標: 3:0"
"M配速跑 6-8km ([M] 4:13~4:19/km)",2026-07-03,True,"6月:開發期 (心肺刺激) | 目標: 3:0"
"長跑 120分 ([E] 5:12~5:46/km) 穿插 1km 計時",2026-07-04,True,"6月:開發期 (心肺刺激) | 目標: 3:0"
"有氧慢跑 10~14km ([E] 5:12~5:46/km)",2026-07-05,True,"6月:開發期 (心肺刺激) | 目標: 3:0"
"有氧慢跑 10~14km ([E] 5:12~5:46/km)",2026-07-06,True,"6月:開發期 (心肺刺激) | 目標: 3:0"
"800m間歇 x 6組 (休 3分半)",2026-07-07,True,"6月:開發期 (心肺刺激) | 目標: 3:0"
"有氧慢跑 10~14km ([E] 5:12~5:46/km)",2026-07-08,True,"6月:開發期 (心肺刺激) | 目標: 3:0"
"有氧慢跑 10~14km ([E] 5:12~5:46/km)",2026-07-09,True,"6月:開發期 (心肺刺激) | 目標: 3:0"
"M配速跑 6-8km ([M] 4:13~4:19/km)",2026-07-10,True,"6月:開發期 (心肺刺激) | 目標: 3:0"
"有氧2k + 5km計時賽(目標19:30內) + 有氧3k",2026-07-11,True,"6月:開發期 (心肺刺激) | 目標: 3:0"
"有氧慢跑 10~14km ([E] 5:12~5:46/km)",2026-07-12,True,"6月:開發期 (心肺刺激) | 目標: 3:0"
"有氧慢跑 10~14km ([E] 5:12~5:46/km)",2026-07-13,True,"6月:開發期 (心肺刺激) | 目標: 3:0"
"600m間歇 x 8組 (休 3分)",2026-07-14,True,"6月:開發期 (心肺刺激) | 目標: 3:0"
"有氧慢跑 10~14km ([E] 5:12~5:46/km)",2026-07-15,True,"6月:開發期 (心肺刺激) | 目標: 3:0"
"有氧慢跑 10~14km ([E] 5:12~5:46/km)",2026-07-16,True,"6月:開發期 (心肺刺激) | 目標: 3:0"
"M配速跑 6-8km ([M] 4:13~4:19/km)",2026-07-17,True,"6月:開發期 (心肺刺激) | 目標: 3:0"
"長跑 21km ([E] 5:12~5:46/km)",2026-07-18,True,"7月:閾值期1 (乳酸門檻) | 目標: 3:0"
"有氧慢跑 10~14km ([E] 5:12~5:46/km)",2026-07-19,True,"7月:閾值期1 (乳酸門檻) | 目標: 3:0"
"有氧慢跑 10~14km ([E] 5:12~5:46/km)",2026-07-20,True,"7月:閾值期1 (乳酸門檻) | 目標: 3:0"
"OBLA(T)跑 6-8km ([T] 3:58~4:03/km) (組間休 90秒)",2026-07-21,True,"7月:閾值期1 (乳酸門檻) | 目標: 3:0"
"有氧慢跑 10~14km ([E] 5:12~5:46/km)",2026-07-22,True,"7月:閾值期1 (乳酸門檻) | 目標: 3:0"
"有氧慢跑 10~14km ([E] 5:12~5:46/km)",2026-07-23,True,"7月:閾值期1 (乳酸門檻) | 目標: 3:0"
"VO2max(I)間歇 1km x 5~7組 ([I] 3:38~3:45/km) (每趟休 4分)",2026-07-24,True,"7月:閾值期1 (乳酸門檻) | 目標: 3:0"
"長跑 21km ([E] 5:12~5:46/km)",2026-07-25,True,"7月:閾值期1 (乳酸門檻) | 目標: 3:0"
"有氧慢跑 10~14km ([E] 5:12~5:46/km)",2026-07-26,True,"7月:閾值期1 (乳酸門檻) | 目標: 3:0"
"有氧慢跑 10~14km ([E] 5:12~5:46/km)",2026-07-27,True,"7月:閾值期1 (乳酸門檻) | 目標: 3:0"
"OBLA(T)跑 6-8km ([T] 3:58~4:03/km)",2026-07-28,True,"7月:閾值期1 (乳酸門檻) | 目標: 3:0"
"有氧慢跑 10~14km ([E] 5:12~5:46/km)",2026-07-29,True,"7月:閾值期1 (乳酸門檻) | 目標: 3:0"
"有氧慢跑 10~14km ([E] 5:12~5:46/km)",2026-07-30,True,"7月:閾值期1 (乳酸門檻) | 目標: 3:0"
"VO2max(I)間歇 1.2km x 4~6組 ([I] 3:38~3:45/km) (每趟休 5分)",2026-07-31,True,"7月:閾值期1 (乳酸門檻) | 目標: 3:0"
"長跑 21km ([E] 5:12~5:46/km)",2026-08-01,True,"7月:閾值期1 (乳酸門檻) | 目標: 3:0"
"有氧慢跑 10~14km ([E] 5:12~5:46/km)",2026-08-02,True,"7月:閾值期1 (乳酸門檻) | 目標: 3:0"
"有氧慢跑 10~14km ([E] 5:12~5:46/km)",2026-08-03,True,"7月:閾值期1 (乳酸門檻) | 目標: 3:0"
"OBLA(T)跑 6-8km ([T] 3:58~4:03/km)",2026-08-04,True,"7月:閾值期1 (乳酸門檻) | 目標: 3:0"
"有氧慢跑 10~14km ([E] 5:12~5:46/km)",2026-08-05,True,"7月:閾值期1 (乳酸門檻) | 目標: 3:0"
"有氧慢跑 10~14km ([E] 5:12~5:46/km)",2026-08-06,True,"7月:閾值期1 (乳酸門檻) | 目標: 3:0"
"VO2max(I)間歇 1km x 5~7組 (休 4分)",2026-08-07,True,"7月:閾值期1 (乳酸門檻) | 目標: 3:0"
"有氧2k + 5km計時賽 + 有氧3k",2026-08-08,True,"7月:閾值期1 (乳酸門檻) | 目標: 3:0"
"有氧慢跑 10~14km ([E] 5:12~5:46/km)",2026-08-09,True,"7月:閾值期1 (乳酸門檻) | 目標: 3:0"
"有氧慢跑 10~14km ([E] 5:12~5:46/km)",2026-08-10,True,"7月:閾值期1 (乳酸門檻) | 目標: 3:0"
"OBLA(T)跑 6-8km ([T] 3:58~4:03/km)",2026-08-11,True,"7月:閾值期1 (乳酸門檻) | 目標: 3:0"
"有氧慢跑 10~14km ([E] 5:12~5:46/km)",2026-08-12,True,"7月:閾值期1 (乳酸門檻) | 目標: 3:0"
"有氧慢跑 10~14km ([E] 5:12~5:46/km)",2026-08-13,True,"7月:閾值期1 (乳酸門檻) | 目標: 3:0"
"有氧慢跑 8~10km",2026-08-14,True,"7月:閾值期1 (乳酸門檻) | 目標: 3:0"
"起伏長跑 21km ([E] 5:12~5:46/km)",2026-08-15,True,"8月:閾值期2 (耐力強化) | 目標: 3:0"
"有氧慢跑 10~14km ([E] 5:12~5:46/km)",2026-08-16,True,"8月:閾值期2 (耐力強化) | 目標: 3:0"
"有氧慢跑 10~14km ([E] 5:12~5:46/km)",2026-08-17,True,"8月:閾值期2 (耐力強化) | 目標: 3:0"
"OBLA(T)跑 6-8km ([T] 3:58~4:03/km) (休 1分鐘)",2026-08-18,True,"8月:閾值期2 (耐力強化) | 目標: 3:0"
"有氧慢跑 10~14km ([E] 5:12~5:46/km)",2026-08-19,True,"8月:閾值期2 (耐力強化) | 目標: 3:0"
"有氧慢跑 10~14km ([E] 5:12~5:46/km)",2026-08-20,True,"8月:閾值期2 (耐力強化) | 目標: 3:0"
"OBLA(T)間歇 2km x 3組 ([T] 3:58~4:03/km) (組間休 2分)",2026-08-21,True,"8月:閾值期2 (耐力強化) | 目標: 3:0"
"起伏長跑 21km ([E] 5:12~5:46/km)",2026-08-22,True,"8月:閾值期2 (耐力強化) | 目標: 3:0"
"有氧慢跑 10~14km ([E] 5:12~5:46/km)",2026-08-23,True,"8月:閾值期2 (耐力強化) | 目標: 3:0"
"有氧慢跑 10~14km ([E] 5:12~5:46/km)",2026-08-24,True,"8月:閾值期2 (耐力強化) | 目標: 3:0"
"OBLA(T)間歇 4km x 2組 ([T] 3:58~4:03/km) (組間休 3分)",2026-08-25,True,"8月:閾值期2 (耐力強化) | 目標: 3:0"
"有氧慢跑 10~14km ([E] 5:12~5:46/km)",2026-08-26,True,"8月:閾值期2 (耐力強化) | 目標: 3:0"
"有氧慢跑 10~14km ([E] 5:12~5:46/km)",2026-08-27,True,"8月:閾值期2 (耐力強化) | 目標: 3:0"
"VO2max(I)間歇 1km x 5組 ([I] 3:38~3:45/km) (休 4分)",2026-08-28,True,"8月:閾值期2 (耐力強化) | 目標: 3:0"
"起伏長跑 21km ([E] 5:12~5:46/km)",2026-08-29,True,"8月:閾值期2 (耐力強化) | 目標: 3:0"
"有氧慢跑 10~14km ([E] 5:12~5:46/km)",2026-08-30,True,"8月:閾值期2 (耐力強化) | 目標: 3:0"
"有氧慢跑 10~14km ([E] 5:12~5:46/km)",2026-08-31,True,"8月:閾值期2 (耐力強化) | 目標: 3:0"
"OBLA(T)間歇 3k+2k ([T] 3:58~4:03/km) (休 3分)",2026-09-01,True,"8月:閾值期2 (耐力強化) | 目標: 3:0"
"有氧慢跑 10~14km ([E] 5:12~5:46/km)",2026-09-02,True,"8月:閾值期2 (耐力強化) | 目標: 3:0"
"有氧慢跑 10~14km ([E] 5:12~5:46/km)",2026-09-03,True,"8月:閾值期2 (耐力強化) | 目標: 3:0"
"OBLA(T)跑 6-8km",2026-09-04,True,"8月:閾值期2 (耐力強化) | 目標: 3:0"
"10km計時賽 + 有氧慢跑 10km",2026-09-05,True,"8月:閾值期2 (耐力強化) | 目標: 3:0"
"有氧慢跑 10~14km ([E] 5:12~5:46/km)",2026-09-06,True,"8月:閾值期2 (耐力強化) | 目標: 3:0"
"有氧慢跑 10~14km ([E] 5:12~5:46/km)",2026-09-07,True,"8月:閾值期2 (耐力強化) | 目標: 3:0"
"VO2max(I)間歇 1km x 5組 (休 4分)",2026-09-08,True,"8月:閾值期2 (耐力強化) | 目標: 3:0"
"有氧慢跑 10~14km ([E] 5:12~5:46/km)",2026-09-09,True,"8月:閾值期2 (耐力強化) | 目標: 3:0"
"有氧慢跑 10~14km ([E] 5:12~5:46/km)",2026-09-10,True,"8月:閾值期2 (耐力強化) | 目標: 3:0"
"有氧慢跑 8~10km",2026-09-11,True,"8月:閾值期2 (耐力強化) | 目標: 3:0"
"長跑 21km ([M] 4:13~4:19/km) + 1km x 3組 ([T] 3:58~4:03/km) (每趟休 3分)",2026-09-12,True,"9月:高峰期1 (M配速整合) | 目標: 3:0"
"有氧慢跑 10~14km ([E] 5:12~5:46/km)",2026-09-13,True,"9月:高峰期1 (M配速整合) | 目標: 3:0"
"有氧慢跑 10~14km ([E] 5:12~5:46/km)",2026-09-14,True,"9月:高峰期1 (M配速整合) | 目標: 3:0"
"OBLA(T)跑 6-8km ([T] 3:58~4:03/km) (休 1分)",2026-09-15,True,"9月:高峰期1 (M配速整合) | 目標: 3:0"
"有氧慢跑 10~14km ([E] 5:12~5:46/km)",2026-09-16,True,"9月:高峰期1 (M配速整合) | 目標: 3:0"
"有氧慢跑 10~14km ([E] 5:12~5:46/km)",2026-09-17,True,"9月:高峰期1 (M配速整合) | 目標: 3:0"
"有氧慢跑 + 短衝刺 (50m x 4~6組)",2026-09-18,True,"9月:高峰期1 (M配速整合) | 目標: 3:0"
"長跑 21km + 1km x 3組 (休 3分)",2026-09-19,True,"9月:高峰期1 (M配速整合) | 目標: 3:0"
"有氧慢跑 10~14km ([E] 5:12~5:46/km)",2026-09-20,True,"9月:高峰期1 (M配速整合) | 目標: 3:0"
"有氧慢跑 10~14km ([E] 5:12~5:46/km)",2026-09-21,True,"9月:高峰期1 (M配速整合) | 目標: 3:0"
"OBLA(T)跑 6-8km (休 1分)",2026-09-22,True,"9月:高峰期1 (M配速整合) | 目標: 3:0"
"有氧慢跑 10~14km ([E] 5:12~5:46/km)",2026-09-23,True,"9月:高峰期1 (M配速整合) | 目標: 3:0"
"有氧慢跑 10~14km ([E] 5:12~5:46/km)",2026-09-24,True,"9月:高峰期1 (M配速整合) | 目標: 3:0"
"有氧慢跑 + 短衝刺",2026-09-25,True,"9月:高峰期1 (M配速整合) | 目標: 3:0"
"長跑 25km ([M] 4:13~4:19/km) + 1km x 3組 ([T] 3:58~4:03/km) (休 3分)",2026-09-26,True,"9月:高峰期1 (M配速整合) | 目標: 3:0"
"有氧慢跑 10~14km ([E] 5:12~5:46/km)",2026-09-27,True,"9月:高峰期1 (M配速整合) | 目標: 3:0"
"有氧慢跑 10~14km ([E] 5:12~5:46/km)",2026-09-28,True,"9月:高峰期1 (M配速整合) | 目標: 3:0"
"OBLA(T)跑 6-8km (休 1分)",2026-09-29,True,"9月:高峰期1 (M配速整合) | 目標: 3:0"
"有氧慢跑 10~14km ([E] 5:12~5:46/km)",2026-09-30,True,"9月:高峰期1 (M配速整合) | 目標: 3:0"
"有氧慢跑 10~14km ([E] 5:12~5:46/km)",2026-10-01,True,"9月:高峰期1 (M配速整合) | 目標: 3:0"
"有氧慢跑 + 短衝刺",2026-10-02,True,"9月:高峰期1 (M配速整合) | 目標: 3:0"
"10km計時賽 (目標39-40分) + 有氧慢跑 5km",2026-10-03,True,"9月:高峰期1 (M配速整合) | 目標: 3:0"
"有氧慢跑 10~14km ([E] 5:12~5:46/km)",2026-10-04,True,"9月:高峰期1 (M配速整合) | 目標: 3:0"
"有氧慢跑 10~14km ([E] 5:12~5:46/km)",2026-10-05,True,"9月:高峰期1 (M配速整合) | 目標: 3:0"
"OBLA(T)跑 6-8km (休 1分)",2026-10-06,True,"9月:高峰期1 (M配速整合) | 目標: 3:0"
"有氧慢跑 10~14km ([E] 5:12~5:46/km)",2026-10-07,True,"9月:高峰期1 (M配速整合) | 目標: 3:0"
"有氧慢跑 10~14km ([E] 5:12~5:46/km)",2026-10-08,True,"9月:高峰期1 (M配速整合) | 目標: 3:0"
"有氧慢跑 + 短衝刺",2026-10-09,True,"9月:高峰期1 (M配速整合) | 目標: 3:0"
"長跑 28~30km ([M] 4:13~4:19/km)",2026-10-10,True,"10月:巔峰期 (全馬專項) | 目標: 3:0"
"有氧慢跑 10~14km ([E] 5:12~5:46/km)",2026-10-11,True,"10月:巔峰期 (全馬專項) | 目標: 3:0"
"有氧慢跑 10~14km ([E] 5:12~5:46/km)",2026-10-12,True,"10月:巔峰期 (全馬專項) | 目標: 3:0"
"M配速間歇 1km x 8~12組 ([M] 4:13~4:19/km) (每趟休 75秒)",2026-10-13,True,"10月:巔峰期 (全馬專項) | 目標: 3:0"
"有氧慢跑 10~14km ([E] 5:12~5:46/km)",2026-10-14,True,"10月:巔峰期 (全馬專項) | 目標: 3:0"
"有氧慢跑 10~14km ([E] 5:12~5:46/km)",2026-10-15,True,"10月:巔峰期 (全馬專項) | 目標: 3:0"
"法特萊克跑 (1分快 [T] / 1分慢 [E]) x 15組",2026-10-16,True,"10月:巔峰期 (全馬專項) | 目標: 3:0"
"長跑 28~30km ([M] 4:13~4:19/km)",2026-10-17,True,"10月:巔峰期 (全馬專項) | 目標: 3:0"
"有氧慢跑 10~14km ([E] 5:12~5:46/km)",2026-10-18,True,"10月:巔峰期 (全馬專項) | 目標: 3:0"
"有氧慢跑 10~14km ([E] 5:12~5:46/km)",2026-10-19,True,"10月:巔峰期 (全馬專項) | 目標: 3:0"
"M配速間歇 1km x 8~12組 (休 75秒)",2026-10-20,True,"10月:巔峰期 (全馬專項) | 目標: 3:0"
"有氧慢跑 10~14km ([E] 5:12~5:46/km)",2026-10-21,True,"10月:巔峰期 (全馬專項) | 目標: 3:0"
"有氧慢跑 10~14km ([E] 5:12~5:46/km)",2026-10-22,True,"10月:巔峰期 (全馬專項) | 目標: 3:0"
"50/50 Sharpener 2km (磨利體感，50m快/50m慢)",2026-10-23,True,"10月:巔峰期 (全馬專項) | 目標: 3:0"
"長跑 28~30km ([M] 4:13~4:19/km)",2026-10-24,True,"10月:巔峰期 (全馬專項) | 目標: 3:0"
"有氧慢跑 10~14km ([E] 5:12~5:46/km)",2026-10-25,True,"10月:巔峰期 (全馬專項) | 目標: 3:0"
"有氧慢跑 10~14km ([E] 5:12~5:46/km)",2026-10-26,True,"10月:巔峰期 (全馬專項) | 目標: 3:0"
"M配速跑 8~12km ([M] 4:13~4:19/km) (休 2分)",2026-10-27,True,"10月:巔峰期 (全馬專項) | 目標: 3:0"
"有氧慢跑 10~14km ([E] 5:12~5:46/km)",2026-10-28,True,"10月:巔峰期 (全馬專項) | 目標: 3:0"
"有氧慢跑 10~14km ([E] 5:12~5:46/km)",2026-10-29,True,"10月:巔峰期 (全馬專項) | 目標: 3:0"
"法特萊克跑 (1分快 [T] / 1分慢 [E]) x 15組",2026-10-30,True,"10月:巔峰期 (全馬專項) | 目標: 3:0"
"長跑 30~35km ([M] 4:13~4:19/km)",2026-10-31,True,"10月:巔峰期 (全馬專項) | 目標: 3:0"
"有氧慢跑 10~14km ([E] 5:12~5:46/km)",2026-11-02,True,"10月:巔峰期 (全馬專項) | 目標: 3:0"
"有氧慢跑 10~14km ([E] 5:12~5:46/km)",2026-11-03,True,"10月:巔峰期 (全馬專項) | 目標: 3:0"
"M配速跑 8~12km (休 2分)",2026-11-04,True,"10月:巔峰期 (全馬專項) | 目標: 3:0"
"有氧慢跑 10~14km ([E] 5:12~5:46/km)",2026-11-05,True,"10月:巔峰期 (全馬專項) | 目標: 3:0"
"有氧慢跑 10~14km ([E] 5:12~5:46/km)",2026-11-06,True,"10月:巔峰期 (全馬專項) | 目標: 3:0"
"50/50 Sharpener 2km",2026-11-07,True,"10月:巔峰期 (全馬專項) | 目標: 3:0"
"長跑 28~30km ([M] 4:13~4:19/km)",2026-11-08,True,"11月:比賽期 (減量衝刺) | 目標: 3:0"
"有氧慢跑 10~14km ([E] 5:12~5:46/km)",2026-11-09,True,"11月:比賽期 (減量衝刺) | 目標: 3:0"
"有氧慢跑 10~14km ([E] 5:12~5:46/km)",2026-11-10,True,"11月:比賽期 (減量衝刺) | 目標: 3:0"
"M配速跑 10~12km ([M] 4:13~4:19/km)",2026-11-11,True,"11月:比賽期 (減量衝刺) | 目標: 3:0"
"有氧慢跑 10~14km ([E] 5:12~5:46/km)",2026-11-12,True,"11月:比賽期 (減量衝刺) | 目標: 3:0"
"有氧慢跑 10~14km ([E] 5:12~5:46/km)",2026-11-13,True,"11月:比賽期 (減量衝刺) | 目標: 3:0"
"法特萊克跑 x 15組",2026-11-14,True,"11月:比賽期 (減量衝刺) | 目標: 3:0"
"M配速跑 14~21km ([M] 4:13~4:19/km)",2026-11-15,True,"11月:比賽期 (減量衝刺) | 目標: 3:0"
"有氧慢跑 10~14km ([E] 5:12~5:46/km)",2026-11-16,True,"11月:比賽期 (減量衝刺) | 目標: 3:0"
"有氧慢跑 10~14km ([E] 5:12~5:46/km)",2026-11-17,True,"11月:比賽期 (減量衝刺) | 目標: 3:0"
"M配速跑 10~12km",2026-11-18,True,"11月:比賽期 (減量衝刺) | 目標: 3:0"
"有氧慢跑 10~14km ([E] 5:12~5:46/km)",2026-11-19,True,"11月:比賽期 (減量衝刺) | 目標: 3:0"
"有氧慢跑 10~14km ([E] 5:12~5:46/km)",2026-11-20,True,"11月:比賽期 (減量衝刺) | 目標: 3:0"
"50/50 Sharpener 2km",2026-11-21,True,"11月:比賽期 (減量衝刺) | 目標: 3:0"
"OBLA(T)跑 10~14k ([T] 3:58~4:03/km) (休 2分)",2026-11-22,True,"11月:比賽期 (減量衝刺) | 目標: 3:0"
"有氧慢跑 10km ([E] 5:12~5:46/km)",2026-11-23,True,"11月:比賽期 (減量衝刺) | 目標: 3:0"
"有氧慢跑 10km ([E] 5:12~5:46/km)",2026-11-24,True,"11月:比賽期 (減量衝刺) | 目標: 3:0"
"M配速跑 10~12km (休 2分)",2026-11-25,True,"11月:比賽期 (減量衝刺) | 目標: 3:0"
"有氧慢跑 10km ([E] 5:12~5:46/km)",2026-11-26,True,"11月:比賽期 (減量衝刺) | 目標: 3:0"
"有氧慢跑 10km ([E] 5:12~5:46/km)",2026-11-27,True,"11月:比賽期 (減量衝刺) | 目標: 3:0"
"有氧慢跑 30分鐘",2026-11-28,True,"11月:比賽期 (減量衝刺) | 目標: 3:0"
"有氧慢跑 15-20km ([E] 5:12~5:46)",2026-11-29,True,"11月:比賽期 (減量衝刺) | 目標: 3:0"
"有氧慢跑 8km",2026-11-30,True,"11月:比賽期 (減量衝刺) | 目標: 3:0"
"有氧慢跑 7km ([E] 5:12~5:46/km)",2026-12-01,True,"11月:比賽期 (減量衝刺) | 目標: 3:0"
"[減量週] 1km x 3組 (4:10/km) (休 3分) + 有氧3k",2026-12-02,True,"11月:比賽期 (減量衝刺) | 目標: 3:0"
"有氧慢跑 5km",2026-12-03,True,"11月:比賽期 (減量衝刺) | 目標: 3:0"
"有氧慢跑 4km",2026-12-04,True,"11月:比賽期 (減量衝刺) | 目標: 3:0"
"有氧2k + 短衝刺 50m x 4~6組 (完全恢復)",2026-12-05,True,"11月:比賽期 (減量衝刺) | 目標: 3:0"
"長跑 28~30km ([M] 4:13~4:19/km)",2026-12-06,True,"11月:比賽期 (減量衝刺) | 目標: 3:0"
"有氧慢跑 10~14km ([E] 5:12~5:46/km)",2026-12-07,True,"11月:比賽期 (減量衝刺) | 目標: 3:0"
"有氧慢跑 10~14km ([E] 5:12~5:46/km)",2026-12-08,True,"11月:比賽期 (減量衝刺) | 目標: 3:0"
"M配速跑 10~12km ([M] 4:13~4:19/km)",2026-12-09,True,"11月:比賽期 (減量衝刺) | 目標: 3:0"
"有氧慢跑 10~14km ([E] 5:12~5:46/km)",2026-12-10,True,"11月:比賽期 (減量衝刺) | 目標: 3:0"
"有氧慢跑 10~14km ([E] 5:12~5:46/km)",2026-12-11,True,"11月:比賽期 (減量衝刺) | 目標: 3:0"
"法特萊克跑 x 15組",2026-12-12,True,"11月:比賽期 (減量衝刺) | 目標: 3:0"
"M配速跑 14~21km ([M] 4:13~4:19/km)",2026-12-13,True,"11月:比賽期 (減量衝刺) | 目標: 3:0"
"有氧慢跑 8km",2026-12-14,True,"11月:比賽期 (減量衝刺) | 目標: 3:0"
"有氧慢跑 7km ([E] 5:12~5:46/km)",2026-12-15,True,"11月:比賽期 (減量衝刺) | 目標: 3:0"
"[減量週] 1km x 3組 (4:10/km) (休 3分) + 有氧3k",2026-12-16,True,"11月:比賽期 (減量衝刺) | 目標: 3:0"
"有氧慢跑 5km",2026-12-17,True,"11月:比賽期 (減量衝刺) | 目標: 3:0"
"有氧慢跑 4km",2026-12-18,True,"11月:比賽期 (減量衝刺) | 目標: 3:0"
"有氧2k + 短衝刺 50m x 4~6組 (完全恢復)",2026-12-19,True,"11月:比賽期 (減量衝刺) | 目標: 3:0"
"台北馬拉松",2026-12-20,True,"11月:比賽期 (減量衝刺) | 目標: 3:0"
